{"cameraMode":{"drawMode":0,"name":"Shaded","section":"Shading Mode"},"sceneLighting":false,"audioPlay":false,"sceneViewState":{"showFog":true,"showMaterialUpdate":false,"showSkybox":false,"showFlares":true,"showImageEffects":true,"showParticleSystems":true},"in2DMode":false,"pivot":{"x":0.0,"y":0.808361291885376,"z":0.16083812713623048},"rotation":{"x":0.0202168058604002,"y":-0.9530261158943176,"z":0.06528669595718384,"w":0.29511523246765139},"size":3.3939459323883058,"orthographic":true}