{"cameraMode":{"drawMode":0,"name":"Shaded","section":"Shading Mode"},"sceneLighting":true,"audioPlay":false,"sceneViewState":{"showFog":true,"showMaterialUpdate":false,"showSkybox":true,"showFlares":true,"showImageEffects":true,"showParticleSystems":true},"in2DMode":false,"pivot":{"x":250.08651733398438,"y":17.213382720947267,"z":117.00751495361328},"rotation":{"x":0.23082596063613892,"y":-0.06155560910701752,"z":0.014652258716523648,"w":0.9709649682044983},"size":12.672931671142579,"orthographic":true}