{"cameraMode":{"drawMode":0,"name":"Shaded","section":"Shading Mode"},"sceneLighting":false,"audioPlay":false,"sceneViewState":{"showFog":true,"showMaterialUpdate":false,"showSkybox":false,"showFlares":true,"showImageEffects":true,"showParticleSystems":true},"in2DMode":false,"pivot":{"x":0.0,"y":0.808361291885376,"z":0.16083812713623048},"rotation":{"x":-0.03107122704386711,"y":0.9020607471466065,"z":-0.06587409973144531,"w":-0.4254484176635742},"size":2.7400882244110109,"orthographic":true}