{"cameraMode":{"drawMode":0,"name":"Shaded","section":"Shading Mode"},"sceneLighting":true,"audioPlay":false,"sceneViewState":{"showFog":true,"showMaterialUpdate":false,"showSkybox":true,"showFlares":true,"showImageEffects":true,"showParticleSystems":true},"in2DMode":false,"pivot":{"x":26.20034408569336,"y":14.59852123260498,"z":-0.900334358215332},"rotation":{"x":-0.055249352008104327,"y":0.9145042300224304,"z":0.13371677696704865,"w":0.3778373897075653},"size":10.0,"orthographic":false}