{"cameraMode":{"drawMode":0,"name":"Shaded","section":"Shading Mode"},"sceneLighting":true,"audioPlay":false,"sceneViewState":{"showFog":true,"showMaterialUpdate":false,"showSkybox":true,"showFlares":true,"showImageEffects":true,"showParticleSystems":true},"in2DMode":false,"pivot":{"x":231.79083251953126,"y":8.435302734375,"z":177.017578125},"rotation":{"x":-0.10716357082128525,"y":-0.022958077490329744,"z":0.002501413691788912,"w":-0.9939970970153809},"size":11.286864280700684,"orthographic":true}